{
    "root_group": {
        "name": "",
        "path": "",
        "id": "d41d8cd98f00b204e9800998ecf8427e",
        "groups": {},
        "checks": {}
    },
    "metrics": {
        "iteration_duration": {
            "avg": 1022.7081750000002,
            "p(10)": 1010.85651,
            "p(95)": 1047.5016699999999,
            "p(99)": 1074.333297
        },
        "http_req_waiting": {
            "avg": 5.490186,
            "p(10)": 1.13958,
            "p(95)": 17.369874999999997,
            "p(99)": 25.71105600000001
        },
        "http_req_connecting": {
            "p(99)": 4.2558830000000025,
            "avg": 0.24786099999999997,
            "p(10)": 0,
            "p(95)": 1.7607
        },
        "data_sent": {
            "count": 8400,
            "rate": 821.0679145543554
        },
        "http_req_sending": {
            "avg": 0.15136400000000003,
            "p(10)": 0,
            "p(95)": 1.1946,
            "p(99)": 1.7454
        },
        "http_req_failed": {
            "passes": 0,
            "fails": 100,
            "value": 0
        },
        "vus_max": {
            "max": 10,
            "value": 10,
            "min": 10
        },
        "http_req_blocked": {
            "p(10)": 0,
            "p(95)": 27.442,
            "p(99)": 31.4472,
            "avg": 2.889809
        },
        "iterations": {
            "count": 100,
            "rate": 9.774618030408993
        },
        "http_req_receiving": {
            "avg": 0.19647199999999998,
            "p(10)": 0,
            "p(95)": 1.022945,
            "p(99)": 1.5654890000000121
        },
        "data_received": {
            "count": 23000,
            "rate": 2248.1621469940683
        },
        "http_req_duration{expected_response:true}": {
            "p(99)": 25.71105600000001,
            "avg": 5.838021999999998,
            "p(10)": 1.6383,
            "p(95)": 17.369874999999997
        },
        "vus": {
            "value": 10,
            "min": 10,
            "max": 10
        },
        "http_req_duration": {
            "avg": 5.838021999999998,
            "p(10)": 1.6383,
            "p(95)": 17.369874999999997,
            "p(99)": 25.71105600000001
        },
        "http_req_tls_handshaking": {
            "avg": 0,
            "p(10)": 0,
            "p(95)": 0,
            "p(99)": 0
        },
        "http_reqs": {
            "count": 100,
            "rate": 9.774618030408993
        }
    }
}